{"data":"{\"epoch\": 199, \"loss\": 0.03592624515295029, \"accuracy\": 0.0, \"kullback_leibler_divergence\": 0.08433925360441208, \"val_loss\": 0.148793563246727, \"val_accuracy\": 0.0, \"val_kullback_leibler_divergence\": 0.04973411187529564}"}